Elm Name	Instances (Matched Sequence)	Positions	View in Jmol	Elm Description	Cell Compartment	Pattern	PHI-Blast Instance Mapping	Structural Filter Info	Probability
CLV_C14_Caspase3-7	EIKDA TSGDG	19-23 [A] 170-174 [A]	- -	Caspase-3 and Caspase-7 cleavage site.	cytosol, nucleus	[DSTE][^P][^DEWHFYC]D[GSAN]	-	-	3.09E-03
CLV_PCSK_PC1ET2_1	KRW	67-69 [A]	-	NEC1/NEC2 cleavage site (K-R-|-X).	extracellular, Golgi apparatus, Golgi membrane	KR.	-	-	3.90E-03
CLV_PCSK_SKI1_1	RIFTI KDATP KIITL	6-10 [A] 21-25 [A] 61-65 [A]	- - -	Subtilisin/kexin isozyme-1 (SKI1) cleavage site ([RK]-X-[hydrophobic]-[LTKF]-|-X).	endoplasmic reticulum lumen, endoplasmic reticulum, Golgi apparatus, extracellular	[RK].[AILMFV][LTKF].	-	-	6.82E-03
DEG_Nend_UBRbox_2	MDL	1-3 [A]	-	N-terminal motif that initiates protein degradation by binding to the UBR-box of N-recognins. This N-degron variant comprises N-terminal Asp or Glu as destabilizing residue.	cytosol	^M{0,1}([ED]).	-	-	2.54E-04
DEG_SPOP_SBC_1	PTTTT	267-271 [A]	-	The S/T rich motif known as the SPOP-binding consensus (SBC) of the MATH-BTB protein, SPOP, is present in substrates that undergo SPOP/Cul3-dependant ubiquitination.	nuclear speck, nucleus, Cul3-RING ubiquitin ligase complex	[AVP].[ST][ST][ST]	-	-	9.38E-04
DOC_MAPK_gen_1	KKRWQLAL KRWQLAL	66-73 [A] 67-73 [A]	- -	MAPK interacting molecules (e.g. MAPKKs, substrates, phosphatases) carry docking motif that help to regulate specific interaction in the MAPK cascade. The classic motif approximates (R/K)xxxx#x# where # is a hydrophobic residue.	nucleus, cytosol	[KR]{0,2}[KR].{0,2}[KR].{2,4}[ILVM].[ILVF]	-	-	4.32E-03
DOC_MAPK_MEF2A_6	RIIMRLWL	122-129 [A]	-	A kinase docking motif that mediates interaction towards the ERK1/2 and p38 subfamilies of MAP kinases.	nucleus, cytosol, Transcription factor complex	[RK].{2,4}[LIVMP].[LIV].[LIVMF]	-	-	2.58E-03
DOC_MAPK_NFAT4_5	RIIMRLWLC	122-130 [A]	-	An extended D site specifically recognized by the JNK kinases	cytosol, nucleus, protein complex, neuron projection	[RK][^P][^P][LIM].L.[LIVMF].	-	-	1.64E-04
DOC_PP1_RVXF_1	LSKGVHFV	73-80 [A]	-	Protein phosphatase 1 catalytic subunit (PP1c) interacting motif binds targeting proteins that dock to the substrate for dephosphorylation. The motif defined is [RK]{0,1}[VI][^P][FW].	nucleus, protein phosphatase type 1 complex, cytosol	..[RK].{0,1}[VIL][^P][FW].	-	-	8.30E-04
DOC_PP2B_LxvP_1	LEAP	101-104 [A]	-	Docking motif in calcineurin substrates that binds at the interface of the catalytic CNA and regulatory CNB subunits.	cytosol, calcineurin complex, nucleus	L.[LIVAPM]P	-	-	2.30E-03
DOC_USP7_MATH_1	ATPSD PYNSV	23-27 [A] 159-163 [A]	- -	The USP7 MATH domain binding motif variant based on the MDM2 and p53 interactions.	nucleus	[PA][^P][^FYWIL]S[^P]	-	-	1.24E-02
DOC_USP7_UBL2_3	KCRSK	132-136 [A]	-	The USP7 CTD domain binding motif variant based on the ICP0 and DNMT1 interactions	nucleus	K...K	-	-	3.74E-03
DOC_WW_Pin1_4	KDATPS GTTSPI	21-26 [A] 174-179 [A]	- -	The Class IV WW domain interaction motif is recognised primarily by the Pin1 phosphorylation-dependent prolyl isomerase.	cytosol, nucleus	...([ST])P.	-	-	1.54E-02
LIG_14-3-3_CanoR_1	RATATIPI	30-37 [A]	-	Canonical Arg-containing phospho-motif mediating a strong interaction with 14-3-3 proteins.	nucleus, internal side of plasma membrane, cytosol	R[^DE]{0,2}[^DEPG]([ST])(([FWYLMV].)|([^PRIKGN]P)|([^PRIKGN].{2,4}[VILMFWYP]))	-	-	4.48E-03
LIG_Actin_WH2_2	LFMRIFTIGTVTLKQG	3-18 [A]	-	The WH2 motif is of variable length (16-19 amino acids) binding to the hydrophobic cleft formed by actin's subdomains 1 and 3. At the N-terminus it forms an alpha-helix followed by a flexible loop stabilised upon actin binding.	cytosol	[^R]..((.[ILMVF])|([ILMVF].))[^P][^P][ILVM].{4,7}L(([KR].)|(NK))[VATIGS]	-	-	6.60E-04
LIG_BIR_III_2	DATPS	22-26 [A]	-	These IBMs are found at the N-terminal regions of caspase subunits where they mediate the inhibition of activated caspases by binding to conserved surface grooves on type III BIR domains of Inhibitor of Apoptosis Proteins (IAPs).	cytosol, mitochondrion	DA.P.	-	-	3.51E-04
LIG_BRCT_BRCA1_1	ASLPF QSINF	39-43 [A] 116-120 [A]	- -	Phosphopeptide motif which directly interacts with the BRCT (carboxy-terminal) domain of the Breast Cancer Gene BRCA1 with low affinity	nucleus, BRCA1-BARD1 complex	.(S)..F	-	-	1.91E-03
LIG_CaM_IQ_9	LAVFQSASKIITLKKRW	53-69 [A]	-	Helical peptide motif responsible for Ca2+-independent binding of the CaM . The motif is manly characterized by a hydrophobic residue at position 1, a highly conserved Gln at position 2, basic charges at positions 6 and 11, and a variable Gly at position 7	intracellular, cytosol	[ACLIVTM][^P][^P][ILVMFCT]Q[^P][^P][^P][RK][^P]{4,5}[RKQ][^P][^P]	-	-	6.37E-05
LIG_EH1_1	VHFVCNLLL	77-85 [A]	-	The engrailed homology domain 1 motif is found in homeodomain containing active repressors and other transcription families, and allows for the recruitment of Groucho/TLE corepressors.	nucleus	.[FYH].[IVM][^WFYP][^WFYP][ILM][ILMV].	-	-	7.86E-05
LIG_eIF4E_1	YSHLLLV	91-97 [A]	-	Motif binding to the dorsal surface of eIF4E.	cytosol	Y....L[VILMF]	-	-	1.89E-04
LIG_FHA_1	IGTVTLK RATATIP TATIPIQ SVTSSIV GTTSPIS HVTFFIY TTTTSVP	10-16 [A] 30-36 [A] 32-38 [A] 162-168 [A] 174-180 [A] 227-233 [A] 268-274 [A]	- - - - - - -	Phosphothreonine motif binding a subset of FHA domains that show a preference for a large aliphatic amino acid at the pT+3 position.	nucleus	..(T)..[ILV].	-	-	8.66E-03
LIG_FHA_2	DATPSDF VITSGDG TDTGVEH	22-28 [A] 168-174 [A] 221-227 [A]	- - -	Phosphothreonine motif binding a subset of FHA domains that have a preference for an acidic amino acid at the pT+3 position.	nucleus, Replication fork	..(T)..[DE].	-	-	8.29E-03
LIG_HCF-1_HBM_1	EHDY	181-184 [A]	-	The DHxY Host Cell Factor-1 binding motif (HBM) interacts with the N-terminal kelch propeller domain of the cell cycle regulator HCF-1	nucleus, Transcription factor complex, viral tegument	[DE]H.Y	-	-	5.07E-05
LIG_LIR_Gen_1	DLFMRI TVYSHL EAPFLYL SINFVRI TSDYYQL SDYYQL DYYQL	2-7 [A] 89-94 [A] 102-108 [A] 117-123 [A] 208-214 [A] 209-214 [A] 210-214 [A]	- - - - - - -	Canonical LIR motif that binds to Atg8 protein family members to mediate processes involved in autophagy.	cytosol, cytoplasmic side of late endosome membrane	[EDST].{0,2}[WFY][^RKPG][^PG][ILV]	-	-	3.06E-03
LIG_PDZ_Class_2	TTSVPL	270-275 [A]	-	The C-terminal class 2 PDZ-binding motif is classically represented by a pattern such as (VYF)X(VIL)*	cytosol, internal side of plasma membrane	...[VLIFY].[ACVILF]$	-	-	7.89E-05
LIG_Pex14_2	FMRIF	4-8 [A]	-	Fxxx[WF] motifs are present in Pex19 and S. cerevisiae Pex5 cytosolic receptors that bind to peroxisomal membrane docking member, Pex14	cytosol, peroxisome, glycosome	F...[WF]	-	-	4.63E-04
LIG_SH2_CRK	YALVY YCIPY YNSVT YNKIV	109-113 [A] 156-160 [A] 160-164 [A] 233-237 [A]	- - - -	CRK family SH2 domain binding motif.	actin cytoskeleton, cytosol	(Y)[^EPILVFYW][^HDEW][PLIV][^DEW]	-	-	1.52E-03
LIG_SH2_NCK_1	YALVY YNSVT YDEPT	109-113 [A] 160-164 [A] 264-268 [A]	- - -	NCK Src Homology 2 (SH2) domain binding motif	plasma membrane, actin cytoskeleton, cytosol, host cell plasma membrane	(Y)[DESTNA][^GWFY][VPAI][DENQSTAGYFP]	-	-	8.29E-04
LIG_SH2_SRC	YLYA YQIG YDEP	107-110 [A] 184-187 [A] 264-267 [A]	- - -	Src-family Src Homology 2 (SH2) domains binding motif.	cytosol	(Y)[QDEVAIL][DENPYHI][IPVGAHS]	-	-	8.73E-04
LIG_SH2_STAP1	YSHLL YALVY YDANY YDYCI YTEKW YSTQL	91-95 [A] 109-113 [A] 141-145 [A] 154-158 [A] 189-193 [A] 215-219 [A]	- - - - - -	STAP1 Src Homology 2 (SH2) domain Class 2 binding motif	plasma membrane	(Y)[DESTA][^GP][^GP][ILVFMWYA]	-	-	1.03E-03
LIG_SH2_STAT3	YFLQ YSTQ	113-116 [A] 215-218 [A]	- -	YXXQ motif found in the cytoplasmic region of cytokine receptors that bind STAT3 SH2 domain.	cytosol	(Y)..Q	-	-	7.98E-04
LIG_SH2_STAT5	YLYA YFLQ YFLC YCIP YTEK YFTS	107-110 [A] 113-116 [A] 145-148 [A] 156-159 [A] 189-192 [A] 206-209 [A]	- - - - - -	STAT5 Src Homology 2 (SH2) domain binding motif.	cytosol	(Y)[VLTFIC]..	-	-	3.30E-03
LIG_SH3_3	NKIVDEP SSGVVNP VNPVMEP	234-240 [A] 252-258 [A] 256-262 [A]	- - -	This is the motif recognized by those SH3 domains with a non-canonical class I recognition specificity	plasma membrane, focal adhesion, cytosol	...[PV]..P	-	-	1.32E-02
LIG_SUMO_SIM_anti_2	SHLLLVA	92-98 [A]	-	Motif for the antiparallel beta augmentation mode of non-covalent binding to SUMO protein.	PML body, nucleus, nuclear body	[DEST]{1,10}.{0,1}[VIL][DESTVILMA][VIL][VILM].[DEST]{0,5}	-	-	2.35E-03
LIG_TYR_ITIM	IPYNSV	158-163 [A]	-	ITIM (immunoreceptor tyrosine-based inhibitory motif). Phosphorylation of the ITIM motif, found in the cytoplasmic tail of some inhibitory receptors (KIRs) that bind MHC Class I, leads to the recruitment and activation of a protein tyrosine phosphatase.	cytosol	[ILV].(Y)..[ILV]	-	-	2.99E-04
LIG_UBA3_1	IITLKK IIMRLWLCWK IMRLWLCWK	62-67 [A] 123-132 [A] 124-132 [A]	- - -	UBA3 adenylation domain binding motif variant based on the UBE2M and UBE2F interactions.	nucleus	[ILM][ILMF].{1,2}[ILM].{0,4}K	-	-	1.20E-03
MOD_CK1_1	SVTSSIV SPISEHD SYFTSDY STDTGVE	162-168 [A] 177-183 [A] 205-211 [A] 220-226 [A]	- - - -	CK1 phosphorylation site	cytosol, nucleus	S..([ST])...	-	-	1.70E-02
MOD_CK2_1	STDTGVE	220-226 [A]	-	Casein kinase 2 (CK2) phosphorylation site	protein kinase CK2 complex, nucleus, cytosol	...([ST])..E	-	-	1.46E-02
MOD_CMANNOS	WLCW	128-131 [A]	-	Motif for attachment of a mannosyl residue to a tryptophan	extracellular	(W)..W	-	-	4.69E-05
MOD_GlcNHglycan	QSAS TSGD ESGV SSGV	57-60 [A] 170-173 [A] 194-197 [A] 252-255 [A]	- - - -	Glycosaminoglycan attachment site	extracellular, Golgi apparatus	[ED]{0,3}.(S)[GA].	-	-	1.79E-02
MOD_GSK3_1	QSASKIIT PYNSVTSS VTSSIVIT VITSGDGT DGTTSPIS VLHSYFTS QLYSTQLS LYSTQLST QIHTIDGS DEPTTTTS	57-64 [A] 159-166 [A] 163-170 [A] 168-175 [A] 173-180 [A] 202-209 [A] 213-220 [A] 214-221 [A] 245-252 [A] 265-272 [A]	- - - - - - - - - -	GSK3 phosphorylation recognition site	cytosol, nucleus	...([ST])...[ST]	-	-	2.68E-02
MOD_NEK2_1	LALSKG LFVTVY FLQSIN LYSTQL	71-76 [A] 86-91 [A] 114-119 [A] 214-219 [A]	- - - -	NEK2 phosphorylation motif with preferred Phe, Leu or Met in the -3 position to compensate for less favorable residues in the +1 and +2 position.	centrosome, Ndc80 complex, condensed nuclear chromosome outer kinetochore, cytosol, nucleus	[FLM][^P][^P]([ST])[^DEP][^DE]	-	-	9.80E-03
MOD_NEK2_2	GTVTLK	11-16 [A]	-	NEK2 phosphorylation motif with specific set of residues in the +1 and +2 position to compensate for less favorable residues in the -3 position.	centrosome, Ndc80 complex, condensed nuclear chromosome outer kinetochore, cytosol, nucleus	[WYPCAG][^P][^P]([ST])[IFCVML][KRHYF]	-	-	1.30E-03
MOD_PIKK_1	LYSTQLS	214-220 [A]	-	(ST)Q motif which is phosphorylated by PIKK family members.	nucleus, cytosol	...([ST])Q..	-	-	9.23E-03
MOD_PKA_2	VRATATI	29-35 [A]	-	Secondary preference for PKA-type AGC kinase phosphorylation.	cytosol, nucleus, cAMP-dependent protein kinase complex	.R.([ST])[^P]..	-	-	9.46E-03
MOD_Plk_4	LFVTVYS VTSSIVI VLHSYFT EHVTFFI	86-92 [A] 163-169 [A] 202-208 [A] 226-232 [A]	- - - -	Ser/Thr residue phosphorylated by Plk4	nucleus, cytosol, SCF ubiquitin ligase complex, cleavage furrow, centriole, gamma-tubulin ring complex, centriolar satellite, pericentriolar material	..[^IRFW]([ST])[ILMVFWY][ILMVFWY].	-	-	6.02E-03
MOD_ProDKin_1	KDATPSD GTTSPIS	21-27 [A] 174-180 [A]	- -	Proline-Directed Kinase (e.g. MAPK) phosphorylation site in higher eukaryotes.	cytosol, nucleus	...([ST])P..	-	-	1.54E-02
TRG_ENDOCYTIC_2	YSHL YALV YNSV YYQL YNKI	91-94 [A] 109-112 [A] 160-163 [A] 211-214 [A] 233-236 [A]	- - - - -	Tyrosine-based sorting signal responsible for the interaction with mu subunit of AP (Adaptor Protein) complex	plasma membrane, clathrin-coated endocytic vesicle, cytosol	Y..[LMVIF]	-	-	2.59E-03